,Name,Website
0,,https://www.linkedin.com/groups/53955
1,new feed updates notificationsHome,https://www.linkedin.com/feed/?nis=true&
2,11 new network update notificationMy Network,https://www.linkedin.com/mynetwork/?
3,Jobs,https://www.linkedin.com/jobs/?
4,Messaging,https://www.linkedin.com/messaging/?
5,55 new notificationsNotifications,https://www.linkedin.com/notifications/?
6,Post a job for free,https://www.linkedin.com/talent/job-posting-redirect?trk=nav_spotlight_post_job&
7,Volunteer Fire Fighters,https://www.linkedin.com/groups/1829444
8,View posts,https://www.linkedin.com/groups/4134200
9,International Volunteer HQ (IVHQ),https://www.linkedin.com/groups/4134200
10,Volunteer Coordinators,https://www.linkedin.com/groups/1911260
11,Volunteer Management Best Practices network,https://www.linkedin.com/groups/3980663
12,Volunteer Income Tax Assistance (VITA) Volunteers,https://www.linkedin.com/groups/1791903
13,HLSR - Houston Livestock Show & Rodeo Volunteer Group,https://www.linkedin.com/groups/978137
14,Association of Volunteer Managers,https://www.linkedin.com/groups/2197429
15,"PMI Project, Program and Portfolio Management Group",https://www.linkedin.com/groups/2784738
16,Volunteer Firefighters,https://www.linkedin.com/groups/53955
